date,n1,n2,n3,n4,n5,powerball
1992-04-22,2,25,35,41,42,15
1992-04-25,6,9,22,42,44,12
1992-04-29,1,8,10,28,35,10
1992-05-02,14,23,31,32,41,33
1992-05-06,27,29,30,36,43,4
1992-05-09,1,12,16,23,31,33
1992-05-13,3,6,13,33,43,37
1992-05-16,2,9,19,28,30,38
1992-05-20,3,11,16,30,34,45
1992-05-23,23,27,28,36,44,26
1992-05-27,30,32,41,42,44,6
1992-05-30,4,8,17,19,45,9
1992-06-03,1,2,11,19,30,15
1992-06-06,2,6,9,10,42,20
1992-06-10,1,8,24,30,36,28
1992-06-13,13,27,29,42,43,41
1992-06-17,1,9,14,26,32,13
1992-06-20,7,11,15,21,35,12
1992-06-24,9,10,19,36,40,39
1992-06-27,17,23,24,31,35,25
1992-07-01,10,24,31,33,45,30
1992-07-04,5,7,15,22,45,31
1992-07-08,9,25,28,35,43,13
1992-07-11,9,11,24,28,44,20
1992-07-15,12,18,24,30,36,32
1992-07-18,2,5,18,19,35,40
1992-07-22,4,16,18,19,36,3
1992-07-25,15,21,27,32,37,37
1992-07-29,1,12,29,35,42,29
1992-08-01,10,15,17,20,28,29
1992-08-05,8,15,21,26,38,6
1992-08-08,5,14,19,26,30,27
1992-08-12,2,3,6,11,23,33
1992-08-15,7,16,17,42,45,12
1992-08-19,2,5,9,11,17,41
1992-08-22,4,36,40,43,44,43
1992-08-26,6,7,25,33,36,1
1992-08-29,14,17,30,32,41,27
1992-09-02,3,9,16,24,34,5
1992-09-05,3,4,23,24,34,6
1992-09-09,12,17,27,33,37,37
1992-09-12,10,20,22,26,34,35
1992-09-16,9,13,25,33,34,20
1992-09-19,17,19,21,29,36,45
1992-09-23,12,18,20,26,40,11
1992-09-26,17,24,40,44,45,14
1992-09-30,2,9,22,23,24,6
1992-10-03,18,36,39,40,43,5
1992-10-07,9,10,20,31,34,10
1992-10-10,3,8,23,26,35,34
1992-10-14,18,20,23,34,40,2
1992-10-17,5,13,22,28,29,12
1992-10-21,6,23,26,28,29,36
1992-10-24,3,16,24,31,35,16
1992-10-28,1,4,10,18,36,28
1992-10-31,9,15,17,26,43,22
1992-11-04,6,8,9,22,30,36
1992-11-07,2,3,22,39,42,21
1992-11-11,4,31,34,38,44,39
1992-11-14,16,21,24,36,43,19
1992-11-18,15,27,31,35,45,7
1992-11-21,2,28,36,44,45,17
1992-11-25,10,12,14,20,26,35
1992-11-28,11,15,35,39,40,23
1992-12-02,1,4,26,35,42,28
1992-12-05,9,17,19,40,41,31
1992-12-09,6,17,22,27,34,22
1992-12-12,9,28,40,42,44,12
1992-12-16,4,7,11,25,40,24
1992-12-19,11,16,32,37,39,27
1992-12-23,7,12,21,25,31,11
1992-12-26,6,12,17,18,42,17
1992-12-30,1,11,18,30,41,12
1993-01-02,9,12,20,27,35,20
1993-01-06,14,20,25,34,42,16
1993-01-09,5,10,38,40,43,10
1993-01-13,2,3,11,37,45,29
1993-01-16,5,7,8,25,28,13
1993-01-20,8,27,31,33,42,20
1993-01-23,8,12,15,30,33,9
1993-01-27,14,17,18,34,38,32
1993-01-30,1,10,27,40,45,17
1993-02-03,11,29,40,41,43,5
1993-02-06,19,23,25,31,41,37
1993-02-10,4,15,16,26,28,33
1993-02-13,5,7,11,24,28,22
1993-02-17,1,6,16,22,26,32
1993-02-20,10,28,32,38,41,38
1993-02-24,16,24,32,35,42,45
1993-02-27,1,4,16,35,38,27
1993-03-03,5,9,15,16,26,44
1993-03-06,5,15,21,25,41,34
1993-03-10,5,11,27,29,42,12
1993-03-13,2,11,21,35,38,29
1993-03-17,9,26,32,40,41,11
1993-03-20,12,14,25,32,41,38
1993-03-24,3,13,25,41,44,42
1993-03-27,2,3,13,14,17,26
1993-03-31,1,12,19,39,41,13
1993-04-03,15,22,24,32,39,18
1993-04-07,7,19,33,36,43,23
1993-04-10,23,24,30,36,39,34
1993-04-14,6,7,17,29,33,21
1993-04-17,4,15,30,36,38,9
1993-04-21,3,8,10,14,29,37
1993-04-24,9,15,16,25,26,2
1993-04-28,1,13,16,37,41,2
1993-05-01,2,14,25,35,41,1
1993-05-05,7,15,40,42,43,11
1993-05-08,21,22,36,43,45,26
1993-05-12,10,24,35,36,39,13
1993-05-15,15,27,32,40,41,30
1993-05-19,12,24,31,35,38,8
1993-05-22,7,18,26,31,36,39
1993-05-26,5,9,27,30,34,6
1993-05-29,1,5,21,28,41,12
1993-06-02,16,23,24,33,42,31
1993-06-05,1,3,5,9,30,45
1993-06-09,9,20,29,41,43,41
1993-06-12,11,24,28,39,41,36
1993-06-16,7,20,27,35,36,18
1993-06-19,6,17,20,36,42,17
1993-06-23,4,6,15,16,41,3
1993-06-26,4,9,18,19,42,10
1993-06-30,12,24,31,34,40,44
1993-07-03,9,14,15,30,40,4
1993-07-07,4,8,19,28,41,30
1993-07-10,15,18,19,28,41,35
1993-07-14,9,14,16,21,37,9
1993-07-17,11,23,33,35,44,43
1993-07-21,3,13,23,25,36,18
1993-07-24,6,11,12,23,40,3
1993-07-28,1,13,26,28,35,1
1993-07-31,16,25,26,31,35,16
1993-08-04,5,11,19,34,37,28
1993-08-07,3,18,20,22,35,41
1993-08-11,13,22,39,42,44,44
1993-08-14,10,11,14,34,36,10
1993-08-18,12,25,32,34,38,45
1993-08-21,24,26,34,37,42,13
1993-08-25,1,13,20,22,45,11
1993-08-28,1,4,7,10,12,42
1993-09-01,1,11,23,26,34,21
1993-09-04,20,26,38,41,43,22
1993-09-08,6,18,30,44,45,11
1993-09-11,2,4,27,29,35,23
1993-09-15,4,11,27,36,42,23
1993-09-18,1,8,18,29,38,42
1993-09-22,4,15,17,18,40,43
1993-09-25,1,2,8,16,23,9
1993-09-29,3,4,12,28,41,33
1993-10-02,2,4,21,25,36,34
1993-10-06,9,23,34,42,44,15
1993-10-09,9,10,11,13,23,28
1993-10-13,7,18,25,39,44,16
1993-10-16,2,3,15,27,43,15
1993-10-20,10,13,27,34,35,22
1993-10-23,4,6,21,38,39,13
1993-10-27,5,9,13,16,38,26
1993-10-30,1,12,21,22,41,25
1993-11-03,1,6,7,9,11,24
1993-11-06,3,22,26,28,45,26
1993-11-10,23,25,28,31,36,39
1993-11-13,13,15,18,22,23,35
1993-11-17,4,13,24,32,41,37
1993-11-20,6,13,21,38,39,40
1993-11-24,2,4,25,26,27,38
1993-11-27,13,24,27,32,43,43
1993-12-01,2,4,18,31,39,43
1993-12-04,5,15,16,39,45,25
1993-12-08,18,26,32,34,43,10
1993-12-11,15,27,37,39,42,26
1993-12-15,9,26,39,43,45,40
1993-12-18,3,4,8,9,44,36
1993-12-22,1,3,13,15,29,12
1993-12-25,6,8,20,26,36,29
1993-12-29,6,7,12,30,43,28
1994-01-01,7,9,27,33,43,1
1994-01-05,4,16,25,37,41,36
1994-01-08,1,3,17,28,44,40
1994-01-12,2,4,6,15,34,20
1994-01-15,8,10,18,41,45,25
1994-01-19,7,18,33,44,45,36
1994-01-22,8,15,22,25,33,5
1994-01-26,3,15,22,27,34,8
1994-01-29,2,8,27,40,41,22
1994-02-02,3,8,11,27,37,7
1994-02-05,11,19,23,24,35,44
1994-02-09,6,11,17,41,43,24
1994-02-12,1,13,21,31,33,24
1994-02-16,8,18,20,38,40,10
1994-02-19,8,10,12,17,24,33
1994-02-23,7,27,40,43,44,4
1994-02-26,6,9,11,19,23,22
1994-03-02,4,8,24,37,43,20
1994-03-05,6,10,20,42,45,22
1994-03-09,22,28,33,44,45,26
1994-03-12,1,18,22,29,33,10
1994-03-16,8,19,20,35,42,35
1994-03-19,1,6,33,42,43,37
1994-03-23,3,22,27,34,40,15
1994-03-26,1,3,10,24,25,14
1994-03-30,1,2,12,17,22,36
1994-04-02,6,15,27,31,34,26
1994-04-06,7,10,24,26,31,34
1994-04-09,2,4,11,39,42,26
1994-04-13,6,14,17,22,45,35
1994-04-16,4,13,18,28,43,9
1994-04-20,11,12,22,24,26,19
1994-04-23,8,9,15,39,42,19
1994-04-27,12,19,30,33,36,29
1994-04-30,3,7,8,39,45,11
1994-05-04,22,23,39,44,45,6
1994-05-07,21,29,30,35,37,9
1994-05-11,6,9,23,33,39,42
1994-05-14,23,25,30,33,45,37
1994-05-18,5,6,25,33,36,39
1994-05-21,19,33,36,39,44,12
1994-05-25,6,9,15,22,26,10
1994-05-28,6,10,24,28,45,3
1994-06-01,2,20,32,36,38,31
1994-06-04,7,8,15,23,31,26
1994-06-08,9,15,23,31,44,1
1994-06-11,7,18,37,39,43,11
1994-06-15,3,13,14,29,45,2
1994-06-18,3,12,14,27,35,12
1994-06-22,3,8,19,26,33,41
1994-06-25,3,7,20,33,43,19
1994-06-29,23,26,27,28,39,4
1994-07-02,16,20,22,29,45,11
1994-07-06,6,9,11,22,23,2
1994-07-09,5,12,23,27,28,3
1994-07-13,8,22,25,35,38,20
1994-07-16,5,6,23,38,45,41
1994-07-20,1,11,19,27,37,26
1994-07-23,29,32,38,40,45,23
1994-07-27,5,23,24,32,44,15
1994-07-30,1,2,8,21,31,18
1994-08-03,6,22,29,36,43,45
1994-08-06,15,18,20,23,26,36
1994-08-10,2,11,20,27,44,16
1994-08-13,11,33,39,41,44,33
1994-08-17,11,22,25,34,35,45
1994-08-20,6,11,21,22,32,38
1994-08-24,1,20,25,28,43,4
1994-08-27,11,17,18,25,40,8
1994-08-31,8,11,19,23,34,7
1994-09-03,3,12,17,20,34,23
1994-09-07,21,29,38,43,45,27
1994-09-10,10,11,20,27,44,26
1994-09-14,4,20,28,36,44,31
1994-09-17,18,29,30,37,41,21
1994-09-21,25,27,30,38,45,18
1994-09-24,10,16,23,28,32,10
1994-09-28,10,11,19,26,40,9
1994-10-01,1,5,19,29,37,32
1994-10-05,8,14,29,35,39,1
1994-10-08,12,15,22,32,36,45
1994-10-12,4,14,21,30,36,3
1994-10-15,18,23,24,26,35,44
1994-10-19,3,17,19,29,34,8
1994-10-22,7,13,19,24,29,24
1994-10-26,10,15,17,22,32,28
1994-10-29,5,13,15,27,44,37
1994-11-02,8,13,16,18,21,22
1994-11-05,10,32,40,42,45,31
1994-11-09,10,24,31,33,44,12
1994-11-12,7,15,26,33,39,44
1994-11-16,12,22,23,31,40,24
1994-11-19,6,10,13,26,39,43
1994-11-23,3,16,30,34,41,41
1994-11-26,7,9,16,42,45,31
1994-11-30,5,13,24,29,31,40
1994-12-03,7,8,29,39,41,44
1994-12-07,14,17,18,25,35,37
1994-12-10,3,14,22,30,38,40
1994-12-14,5,18,22,35,39,1
1994-12-17,17,19,25,29,41,5
1994-12-21,1,8,22,24,34,1
1994-12-24,11,20,22,31,34,31
1994-12-28,17,27,40,43,44,24
1994-12-31,20,28,29,43,44,34
1995-01-04,12,18,19,34,40,17
1995-01-07,14,17,27,38,42,21
1995-01-11,14,15,25,30,35,13
1995-01-14,1,32,33,38,42,14
1995-01-18,17,19,28,32,38,5
1995-01-21,4,5,7,8,41,44
1995-01-25,8,18,26,27,30,12
1995-01-28,14,25,29,39,43,1
1995-02-01,11,23,31,34,36,5
1995-02-04,10,15,18,26,33,6
1995-02-08,2,13,14,26,39,6
1995-02-11,4,14,15,28,44,17
1995-02-15,9,10,27,34,36,40
1995-02-18,1,2,27,32,33,12
1995-02-22,32,40,43,44,45,18
1995-02-25,6,7,9,14,31,26
1995-03-01,16,19,20,21,35,33
1995-03-04,8,23,32,36,41,40
1995-03-08,15,32,36,39,45,8
1995-03-11,1,3,9,17,40,34
1995-03-15,11,23,26,34,42,21
1995-03-18,1,19,32,33,43,42
1995-03-22,6,10,12,25,35,15
1995-03-25,3,9,15,23,28,3
1995-03-29,2,9,19,24,28,33
1995-04-01,5,11,25,28,34,36
1995-04-05,3,10,19,23,29,26
1995-04-08,5,20,24,33,42,7
1995-04-12,4,7,13,27,35,29
1995-04-15,7,19,21,22,31,24
1995-04-19,1,3,11,22,28,42
1995-04-22,11,21,28,33,36,36
1995-04-26,15,28,30,35,43,19
1995-04-29,4,15,24,25,28,39
1995-05-03,5,15,24,42,44,3
1995-05-06,2,26,31,38,43,12
1995-05-10,1,5,16,27,32,27
1995-05-13,2,17,18,34,36,26
1995-05-17,2,10,12,30,43,10
1995-05-20,4,11,21,25,27,29
1995-05-24,7,14,25,26,29,9
1995-05-27,5,7,11,26,33,39
1995-05-31,7,14,16,24,36,27
1995-06-03,7,20,21,26,27,45
1995-06-07,13,24,28,36,39,42
1995-06-10,11,20,28,35,44,20
1995-06-14,2,12,20,35,37,21
1995-06-17,9,15,23,28,44,34
1995-06-21,16,21,23,26,42,26
1995-06-24,11,17,25,35,40,12
1995-06-28,6,11,13,19,40,12
1995-07-01,4,14,16,27,28,43
1995-07-05,6,14,21,23,41,6
1995-07-08,1,6,19,21,26,9
1995-07-12,12,27,34,35,41,13
1995-07-15,1,3,4,20,40,40
1995-07-19,5,13,27,41,42,41
1995-07-22,1,4,6,22,28,9
1995-07-26,5,9,16,23,28,10
1995-07-29,11,14,16,25,33,26
1995-08-02,11,15,17,22,37,23
1995-08-05,16,27,29,36,38,21
1995-08-09,16,22,23,29,33,10
1995-08-12,1,16,24,34,35,6
1995-08-16,16,17,26,30,38,1
1995-08-19,3,6,16,19,26,4
1995-08-23,21,23,25,35,38,26
1995-08-26,3,12,30,31,45,19
1995-08-30,3,5,27,34,37,28
1995-09-02,4,11,28,33,37,44
1995-09-06,2,16,27,36,43,42
1995-09-09,2,5,21,40,43,41
1995-09-13,11,19,31,32,39,9
1995-09-16,5,6,21,26,38,7
1995-09-20,3,10,17,27,36,39
1995-09-23,1,9,13,19,38,32
1995-09-27,1,2,25,41,45,28
1995-09-30,12,22,31,32,40,2
1995-10-04,13,24,27,35,44,18
1995-10-07,2,7,15,18,31,39
1995-10-11,9,10,17,41,44,19
1995-10-14,9,12,32,40,44,32
1995-10-18,2,17,21,22,29,10
1995-10-21,4,5,9,23,43,12
1995-10-25,1,2,6,31,36,9
1995-10-28,13,25,28,30,35,3
1995-11-01,12,19,20,27,42,6
1995-11-04,3,23,39,41,43,31
1995-11-08,3,9,14,18,28,15
1995-11-11,6,10,28,37,40,14
1995-11-15,12,21,24,32,41,5
1995-11-18,2,9,20,24,45,5
1995-11-22,6,10,24,31,43,17
1995-11-25,21,32,33,34,41,34
1995-11-29,6,10,11,25,37,45
1995-12-02,8,15,30,31,41,42
1995-12-06,1,2,3,26,27,19
1995-12-09,7,15,20,35,40,13
1995-12-13,6,17,25,36,42,16
1995-12-16,4,14,18,19,26,30
1995-12-20,10,17,20,39,42,33
1995-12-23,3,7,10,42,43,38
1995-12-27,8,17,24,27,44,23
1995-12-30,2,4,7,13,26,33
1996-01-03,8,13,23,31,38,14
1996-01-06,19,24,33,36,44,2
1996-01-10,12,15,18,26,35,43
1996-01-13,8,13,32,33,39,4
1996-01-17,1,11,14,17,33,34
1996-01-20,12,21,25,32,34,4
1996-01-24,1,24,30,36,42,7
1996-01-27,8,10,22,27,38,20
1996-01-31,1,4,16,38,45,35
1996-02-03,10,16,18,39,45,38
1996-02-07,6,32,38,39,40,8
1996-02-10,15,19,20,33,35,15
1996-02-14,4,8,15,16,25,35
1996-02-17,1,7,15,35,44,44
1996-02-21,5,9,21,35,38,16
1996-02-24,2,27,29,33,40,42
1996-02-28,22,30,34,44,45,37
1996-03-02,2,3,24,38,41,7
1996-03-06,1,5,7,13,40,42
1996-03-09,1,19,31,35,44,3
1996-03-13,15,18,23,32,43,6
1996-03-16,10,25,36,39,40,10
1996-03-20,11,14,17,26,42,35
1996-03-23,12,17,22,37,42,30
1996-03-27,1,6,17,30,39,44
1996-03-30,10,13,32,35,38,37
1996-04-03,15,16,32,38,42,9
1996-04-06,6,10,15,38,41,24
1996-04-10,2,10,23,31,37,40
1996-04-13,12,16,22,26,39,29
1996-04-17,2,20,26,31,36,2
1996-04-20,2,8,10,29,32,40
1996-04-24,5,18,20,24,43,22
1996-04-27,5,7,23,34,45,18
1996-05-01,2,14,27,30,43,9
1996-05-04,4,9,24,31,42,39
1996-05-08,10,16,24,28,41,8
1996-05-11,17,23,26,27,42,42
1996-05-15,11,16,17,32,37,16
1996-05-18,2,7,8,28,33,35
1996-05-22,15,26,33,35,39,27
1996-05-25,9,21,39,44,45,37
1996-05-29,14,20,29,40,44,11
1996-06-01,5,12,17,22,36,4
1996-06-05,1,3,19,35,37,1
1996-06-08,7,8,21,28,34,14
1996-06-12,7,15,23,38,43,31
1996-06-15,5,14,20,22,36,8
1996-06-19,9,12,38,40,44,10
1996-06-22,6,23,33,34,45,17
1996-06-26,8,23,36,40,41,26
1996-06-29,22,28,37,41,45,43
1996-07-03,4,14,27,29,38,12
1996-07-06,3,4,24,31,38,10
1996-07-10,2,11,15,30,44,27
1996-07-13,6,15,23,29,34,16
1996-07-17,4,15,21,24,36,35
1996-07-20,7,10,11,17,38,13
1996-07-24,15,25,28,34,44,26
1996-07-27,3,9,10,13,31,12
1996-07-31,6,13,21,39,43,38
1996-08-03,8,18,21,24,37,29
1996-08-07,8,11,15,31,42,40
1996-08-10,2,13,14,19,42,5
1996-08-14,1,19,26,37,41,27
1996-08-17,17,36,41,42,44,35
1996-08-21,10,18,19,31,45,30
1996-08-24,2,13,15,35,40,10
1996-08-28,10,24,29,38,45,1
1996-08-31,20,21,24,42,44,18
1996-09-04,19,26,29,36,45,11
1996-09-07,13,14,28,35,38,9
1996-09-11,8,9,12,18,33,11
1996-09-14,7,15,26,34,44,45
1996-09-18,13,21,22,23,38,27
1996-09-21,2,17,23,30,39,2
1996-09-25,7,10,25,33,38,43
1996-09-28,2,13,14,35,36,39
1996-10-02,13,14,16,19,37,25
1996-10-05,2,13,15,33,38,44
1996-10-09,2,14,16,21,33,27
1996-10-12,1,22,25,27,45,42
1996-10-16,20,31,33,40,43,10
1996-10-19,8,20,30,31,42,9
1996-10-23,9,24,27,31,34,18
1996-10-26,4,17,19,25,37,19
1996-10-30,10,13,19,37,43,45
1996-11-02,17,32,37,38,44,28
1996-11-06,11,18,30,35,42,1
1996-11-09,1,3,5,6,35,38
1996-11-13,17,19,25,27,30,1
1996-11-16,11,27,35,39,43,21
1996-11-20,11,12,15,18,35,19
1996-11-23,6,8,17,25,41,44
1996-11-27,1,31,37,38,39,3
1996-11-30,13,28,30,38,41,22
1996-12-04,1,10,17,20,42,29
1996-12-07,6,20,24,31,37,34
1996-12-11,4,8,15,22,36,43
1996-12-14,10,19,22,38,44,30
1996-12-18,3,21,28,36,45,1
1996-12-21,13,16,20,42,44,45
1996-12-25,13,14,17,25,26,29
1996-12-28,3,11,21,22,31,13
1997-01-01,6,13,17,19,42,44
1997-01-04,1,12,16,25,29,43
1997-01-08,7,14,22,37,45,18
1997-01-11,2,18,26,29,42,7
1997-01-15,15,27,34,39,44,18
1997-01-18,19,27,30,35,40,34
1997-01-22,3,11,12,29,41,35
1997-01-25,2,6,38,42,45,27
1997-01-29,1,4,26,28,37,9
1997-02-01,3,16,38,39,40,8
1997-02-05,2,8,18,37,45,42
1997-02-08,22,23,24,29,35,29
1997-02-12,12,16,28,29,36,37
1997-02-15,13,14,26,38,43,7
1997-02-19,7,8,21,23,38,28
1997-02-22,17,35,37,38,40,37
1997-02-26,4,8,9,11,44,6
1997-03-01,7,10,22,34,41,12
1997-03-05,21,29,31,32,43,28
1997-03-08,9,12,21,31,36,22
1997-03-12,1,17,22,30,37,11
1997-03-15,4,7,20,25,31,42
1997-03-19,3,6,7,37,42,19
1997-03-22,5,18,19,21,29,19
1997-03-26,4,15,19,26,32,33
1997-03-29,3,23,29,35,42,25
1997-04-02,4,6,13,33,40,17
1997-04-05,7,8,10,11,21,19
1997-04-09,17,36,42,43,45,16
1997-04-12,9,10,21,28,29,6
1997-04-16,15,16,24,39,45,37
1997-04-19,5,13,19,28,31,31
1997-04-23,4,16,21,31,39,13
1997-04-26,5,18,29,31,42,43
1997-04-30,17,26,31,33,40,32
1997-05-03,8,21,22,29,38,29
1997-05-07,8,10,12,27,35,4
1997-05-10,5,9,14,16,24,35
1997-05-14,8,28,36,42,44,18
1997-05-17,14,24,25,29,31,36
1997-05-21,8,20,32,37,44,40
1997-05-24,5,21,33,35,45,13
1997-05-28,6,10,30,34,39,19
1997-05-31,7,11,16,17,39,17
1997-06-04,4,12,18,20,38,40
1997-06-07,6,8,18,34,39,22
1997-06-11,7,10,23,33,45,12
1997-06-14,9,17,21,24,27,16
1997-06-18,16,23,24,28,29,24
1997-06-21,6,11,20,29,45,43
1997-06-25,20,29,34,35,39,16
1997-06-28,1,21,31,34,43,42
1997-07-02,9,18,37,44,45,38
1997-07-05,22,26,28,43,44,29
1997-07-09,4,32,33,36,39,22
1997-07-12,3,5,11,35,37,14
1997-07-16,13,17,18,39,44,24
1997-07-19,4,11,26,33,41,1
1997-07-23,26,36,40,42,45,12
1997-07-26,6,10,18,23,26,42
1997-07-30,6,16,21,30,34,11
1997-08-02,2,21,28,35,36,10
1997-08-06,3,6,12,25,45,10
1997-08-09,1,7,13,17,27,12
1997-08-13,13,17,31,36,41,19
1997-08-16,3,12,25,33,34,24
1997-08-20,1,3,12,15,25,23
1997-08-23,12,14,34,35,44,9
1997-08-27,1,8,36,37,38,19
1997-08-30,3,11,26,29,36,24
1997-09-03,2,5,10,22,39,42
1997-09-06,7,34,35,39,45,29
1997-09-10,1,2,16,21,42,3
1997-09-13,6,8,19,32,45,22
1997-09-17,22,26,28,31,34,18
1997-09-20,15,16,22,28,43,33
1997-09-24,9,12,25,28,39,20
1997-09-27,6,14,16,31,41,6
1997-10-01,18,21,25,36,44,9
1997-10-04,11,24,25,31,43,28
1997-10-08,10,14,22,33,35,11
1997-10-11,2,20,34,40,42,3
1997-10-15,7,9,19,21,34,8
1997-10-18,11,14,16,19,21,6
1997-10-22,5,9,23,40,43,24
1997-10-25,15,23,24,28,35,30
1997-10-29,6,11,13,26,32,37
1997-11-01,22,25,28,33,37,20
1997-11-05,2,19,24,28,35,26
1997-11-08,7,17,21,40,49,37
1997-11-12,13,14,16,29,41,1
1997-11-15,7,21,26,32,45,8
1997-11-19,3,10,19,21,48,22
1997-11-22,3,7,14,22,31,2
1997-11-26,15,23,34,40,46,35
1997-11-29,2,11,13,27,31,23
1997-12-03,9,14,18,42,47,32
1997-12-06,8,15,26,28,43,36
1997-12-10,4,18,21,28,41,3
1997-12-13,5,35,41,44,46,27
1997-12-17,3,5,13,18,45,20
1997-12-20,10,11,12,17,23,7
1997-12-24,3,16,28,34,35,14
1997-12-27,9,14,15,36,48,17
1997-12-31,4,5,6,14,27,6
1998-01-03,4,7,9,27,32,6
1998-01-07,3,4,18,30,37,23
1998-01-10,7,9,17,20,44,25
1998-01-14,6,9,16,28,38,13
1998-01-17,9,28,29,38,49,6
1998-01-21,1,23,26,31,32,33
1998-01-24,7,15,23,28,36,10
1998-01-28,15,23,31,36,48,12
1998-01-31,7,11,13,36,48,18
1998-02-04,8,12,21,25,30,20
1998-02-07,5,12,15,27,40,14
1998-02-11,25,33,34,35,37,35
1998-02-14,5,7,23,39,41,6
1998-02-18,1,21,28,29,33,15
1998-02-21,9,22,29,39,47,25
1998-02-25,2,20,30,43,46,19
1998-02-28,4,26,41,45,49,6
1998-03-04,3,19,30,33,39,9
1998-03-07,21,30,32,36,42,33
1998-03-11,2,5,17,24,36,20
1998-03-14,15,34,35,42,47,15
1998-03-18,2,4,33,39,41,26
1998-03-21,4,34,35,38,47,16
1998-03-25,5,23,35,42,44,29
1998-03-28,27,30,33,38,44,15
1998-04-01,11,12,33,34,47,39
1998-04-04,3,8,23,43,46,13
1998-04-08,3,10,24,30,49,35
1998-04-11,5,15,36,48,49,11
1998-04-15,8,24,25,39,41,21
1998-04-18,19,22,24,30,45,21
1998-04-22,4,13,29,31,49,4
1998-04-25,5,7,20,35,38,19
1998-04-29,8,25,30,46,47,31
1998-05-02,3,14,19,37,49,4
1998-05-06,11,20,44,45,47,5
1998-05-09,8,26,29,34,49,28
1998-05-13,2,13,18,30,36,26
1998-05-16,1,22,23,28,41,18
1998-05-20,4,9,30,34,48,8
1998-05-23,1,15,16,35,46,35
1998-05-27,2,15,27,33,46,27
1998-05-30,3,14,24,29,45,24
1998-06-03,22,25,31,35,41,38
1998-06-06,16,24,26,28,42,24
1998-06-10,4,12,19,36,38,6
1998-06-13,3,6,8,21,23,11
1998-06-17,7,14,35,36,37,10
1998-06-20,9,26,27,31,49,4
1998-06-24,13,16,18,27,30,23
1998-06-27,7,10,30,31,36,37
1998-07-01,3,17,29,35,47,34
1998-07-04,15,25,30,38,39,42
1998-07-08,5,16,19,29,34,24
1998-07-11,1,6,10,12,38,17
1998-07-15,11,16,21,23,36,37
1998-07-18,8,10,14,33,40,31
1998-07-22,1,22,23,30,49,33
1998-07-25,3,14,17,21,23,16
1998-07-29,8,39,43,45,49,13
1998-08-01,1,4,20,25,44,5
1998-08-05,3,12,19,35,42,21
1998-08-08,5,9,33,42,45,28
1998-08-12,2,10,33,42,45,2
1998-08-15,12,27,30,37,49,20
1998-08-19,8,15,23,43,46,29
1998-08-22,7,11,21,22,49,19
1998-08-26,6,23,32,42,46,8
1998-08-29,13,14,18,29,31,23
1998-09-02,21,28,29,40,44,8
1998-09-05,8,10,16,26,49,40
1998-09-09,4,12,19,42,46,9
1998-09-12,16,19,28,33,35,16
1998-09-16,6,24,35,40,42,2
1998-09-19,1,19,35,37,41,11
1998-09-23,1,5,21,22,42,18
1998-09-26,2,3,5,24,25,8
1998-09-30,2,3,8,12,36,24
1998-10-03,5,14,22,25,32,4
1998-10-07,6,8,9,15,26,7
1998-10-10,1,8,19,28,45,25
1998-10-14,14,15,18,26,32,6
1998-10-17,28,32,44,47,48,27
1998-10-21,22,24,27,39,44,25
1998-10-24,10,12,17,25,40,20
1998-10-28,8,9,24,35,44,42
1998-10-31,17,33,34,37,42,8
1998-11-04,2,8,17,30,36,22
1998-11-07,5,10,13,30,33,28
1998-11-11,10,14,25,36,48,2
1998-11-14,3,10,16,35,41,38
1998-11-18,21,25,33,39,46,18
1998-11-21,1,14,15,21,35,10
1998-11-25,6,10,13,33,48,9
1998-11-28,2,4,6,11,43,9
1998-12-02,4,22,29,36,45,30
1998-12-05,9,19,20,27,31,39
1998-12-09,12,33,40,43,48,16
1998-12-12,12,16,26,29,40,32
1998-12-16,3,8,19,27,32,38
1998-12-19,3,5,15,17,45,6
1998-12-23,29,31,39,45,46,33
1998-12-26,7,17,27,29,41,33
1998-12-30,10,20,34,38,46,3
1999-01-02,4,17,23,26,39,27
1999-01-06,2,9,13,16,44,36
1999-01-09,5,10,11,27,32,13
1999-01-13,15,31,33,43,47,6
1999-01-16,2,15,20,28,40,15
1999-01-20,2,12,19,40,48,27
1999-01-23,3,19,26,30,49,31
1999-01-27,2,4,20,23,44,22
1999-01-30,19,24,25,40,45,5
1999-02-03,20,26,30,39,42,32
1999-02-06,15,25,32,39,48,32
1999-02-10,10,20,27,31,42,26
1999-02-13,4,9,18,27,35,11
1999-02-17,10,21,22,25,36,39
1999-02-20,6,15,16,24,39,12
1999-02-24,8,15,29,40,46,23
1999-02-27,13,20,30,32,46,36
1999-03-03,1,8,12,42,44,13
1999-03-06,13,19,20,25,42,13
1999-03-10,1,14,26,34,49,15
1999-03-13,8,11,42,44,49,39
1999-03-17,9,15,31,37,40,9
1999-03-20,4,20,22,40,41,7
1999-03-24,7,19,20,26,27,12
1999-03-27,5,12,13,45,48,35
1999-03-31,3,15,16,28,39,1
1999-04-03,1,4,10,17,30,6
1999-04-07,5,26,31,37,39,42
1999-04-10,3,24,34,42,45,1
1999-04-14,10,12,19,25,40,33
1999-04-17,15,18,25,40,43,37
1999-04-21,3,11,32,41,45,29
1999-04-24,1,3,35,45,48,18
1999-04-28,5,7,12,18,42,14
1999-05-01,7,9,20,26,27,18
1999-05-05,7,9,26,31,40,24
1999-05-08,25,28,30,34,47,14
1999-05-12,4,5,12,38,40,28
1999-05-15,4,24,27,30,38,14
1999-05-19,4,9,24,35,41,31
1999-05-22,6,15,18,36,43,11
1999-05-26,26,29,34,36,37,24
1999-05-29,5,35,36,43,45,19
1999-06-02,4,20,24,46,48,32
1999-06-05,2,8,16,37,49,11
1999-06-09,7,32,35,38,48,17
1999-06-12,17,26,28,35,45,20
1999-06-16,2,4,8,14,38,1
1999-06-19,2,23,27,38,46,26
1999-06-23,12,15,17,23,49,7
1999-06-26,8,15,22,38,47,26
1999-06-30,5,10,12,20,40,3
1999-07-03,1,7,8,21,37,2
1999-07-07,3,6,17,37,41,8
1999-07-10,7,17,35,37,44,30
1999-07-14,1,6,25,29,32,9
1999-07-17,30,36,37,40,48,28
1999-07-21,4,13,26,29,31,3
1999-07-24,4,23,33,45,47,33
1999-07-28,22,23,25,31,32,25
1999-07-31,18,26,43,45,46,29
1999-08-04,4,18,24,33,35,34
1999-08-07,1,42,44,45,49,1
1999-08-11,5,7,10,12,43,7
1999-08-14,1,5,6,39,45,14
1999-08-18,5,8,9,26,41,19
1999-08-21,2,17,28,42,45,20
1999-08-25,11,13,21,34,45,30
1999-08-28,14,18,25,38,39,7
1999-09-01,9,32,36,37,39,14
1999-09-04,14,22,23,26,34,29
1999-09-08,8,15,22,39,43,22
1999-09-11,4,32,33,37,42,25
1999-09-15,1,12,37,42,48,31
1999-09-18,2,8,26,34,46,30
1999-09-22,8,33,35,38,47,8
1999-09-25,15,32,33,36,41,7
1999-09-29,11,22,29,41,46,42
1999-10-02,12,15,25,35,48,30
1999-10-06,6,7,15,38,42,42
1999-10-09,8,20,27,39,43,1
1999-10-13,15,23,38,43,44,38
1999-10-16,5,12,18,22,40,21
1999-10-20,2,16,19,20,29,13
1999-10-23,12,15,27,32,37,11
1999-10-27,17,20,24,31,39,21
1999-10-30,10,26,33,37,41,21
1999-11-03,1,3,7,8,26,7
1999-11-06,5,8,12,25,40,28
1999-11-10,13,19,31,40,43,36
1999-11-13,13,16,26,32,34,24
1999-11-17,11,20,27,43,48,12
1999-11-20,5,6,18,42,44,3
1999-11-24,2,4,15,37,43,40
1999-11-27,3,16,24,28,38,28
1999-12-01,3,14,20,32,47,2
1999-12-04,5,22,25,36,38,37
1999-12-08,13,34,40,44,47,24
1999-12-11,6,10,31,47,48,29
1999-12-15,19,32,33,35,47,26
1999-12-18,2,3,15,25,43,25
1999-12-22,11,13,23,42,43,18
1999-12-25,6,19,29,39,44,28
1999-12-29,3,11,14,16,43,10
2000-01-01,9,13,23,36,45,39
2000-01-05,5,15,16,28,32,39
2000-01-08,7,28,35,40,48,14
2000-01-12,9,32,38,41,44,27
2000-01-15,1,6,21,33,40,28
2000-01-19,12,31,35,37,44,34
2000-01-22,4,16,32,34,41,25
2000-01-26,18,25,30,43,46,18
2000-01-29,6,8,28,32,47,26
2000-02-02,6,10,12,16,29,33
2000-02-05,6,11,34,41,44,20
2000-02-09,5,29,36,40,49,30
2000-02-12,21,24,37,44,45,24
2000-02-16,9,10,12,31,41,37
2000-02-19,14,23,24,45,48,21
2000-02-23,12,16,20,26,32,35
2000-02-26,7,9,23,37,49,7
2000-03-01,21,22,29,30,38,39
2000-03-04,3,6,8,43,48,1
2000-03-08,11,14,17,25,36,38
2000-03-11,2,11,23,28,31,39
2000-03-15,14,15,19,38,44,20
2000-03-18,12,30,39,43,46,10
2000-03-22,3,12,30,41,46,32
2000-03-25,6,30,43,45,48,32
2000-03-29,12,32,37,40,49,37
2000-04-01,3,4,13,29,38,21
2000-04-05,6,8,11,18,39,40
2000-04-08,4,9,12,33,48,18
2000-04-12,4,6,20,25,31,6
2000-04-15,15,26,28,40,48,9
2000-04-19,3,8,9,20,49,22
2000-04-22,3,5,9,42,48,35
2000-04-26,5,10,17,24,37,15
2000-04-29,12,14,26,35,36,37
2000-05-03,5,13,34,41,48,7
2000-05-06,4,27,29,39,41,16
2000-05-10,8,18,20,31,47,11
2000-05-13,1,3,27,38,42,24
2000-05-17,16,17,20,28,49,34
2000-05-20,5,17,40,44,48,26
2000-05-24,7,19,43,46,47,4
2000-05-27,2,22,29,30,44,36
2000-05-31,15,16,22,42,43,11
2000-06-03,13,14,15,31,37,10
2000-06-07,19,39,45,46,49,17
2000-06-10,2,16,32,40,47,15
2000-06-14,21,23,32,34,42,5
2000-06-17,6,15,25,44,47,7
2000-06-21,1,24,27,28,43,25
2000-06-24,2,13,26,27,49,4
2000-06-28,13,24,27,30,45,18
2000-07-01,13,14,22,32,42,26
2000-07-05,10,14,18,32,33,2
2000-07-08,2,7,10,34,39,12
2000-07-12,6,9,10,26,48,10
2000-07-15,5,8,21,46,49,34
2000-07-19,5,8,18,36,38,40
2000-07-22,2,12,15,33,41,33
2000-07-26,3,20,22,37,44,36
2000-07-29,11,24,26,38,41,7
2000-08-02,12,27,33,42,49,31
2000-08-05,13,28,32,33,38,14
2000-08-09,11,17,18,19,28,34
2000-08-12,6,31,38,46,47,21
2000-08-16,15,16,27,44,47,14
2000-08-19,10,13,17,23,36,23
2000-08-23,20,28,40,43,47,31
2000-08-26,16,22,27,40,43,5
2000-08-30,4,25,29,36,46,8
2000-09-02,5,14,20,22,26,35
2000-09-06,4,6,12,28,42,6
2000-09-09,14,18,20,29,42,2
2000-09-13,2,13,21,22,47,31
2000-09-16,1,19,40,47,49,14
2000-09-20,17,21,23,33,45,11
2000-09-23,1,17,27,35,36,31
2000-09-27,24,32,42,44,47,15
2000-09-30,19,24,32,43,44,39
2000-10-04,3,16,24,34,48,3
2000-10-07,4,7,27,34,39,1
2000-10-11,26,32,41,44,45,35
2000-10-14,14,16,18,22,41,37
2000-10-18,17,21,28,42,43,25
2000-10-21,13,19,24,44,45,16
2000-10-25,3,5,20,45,46,37
2000-10-28,6,11,32,37,47,13
2000-11-01,4,10,14,29,39,10
2000-11-04,5,9,22,34,42,2
2000-11-08,13,17,37,45,49,4
2000-11-11,4,12,21,38,46,37
2000-11-15,12,26,32,41,46,18
2000-11-18,3,27,31,32,41,33
2000-11-22,5,18,40,44,47,34
2000-11-25,2,37,38,39,42,22
2000-11-29,1,4,20,27,29,17
2000-12-02,11,14,22,38,41,39
2000-12-06,7,15,20,23,45,17
2000-12-09,8,10,14,41,42,20
2000-12-13,6,10,19,38,43,41
2000-12-16,2,26,33,34,39,23
2000-12-20,4,7,31,34,41,28
2000-12-23,6,11,15,22,27,27
2000-12-27,15,22,24,32,39,18
2000-12-30,23,26,29,38,46,35
2001-01-03,9,19,29,38,49,20
2001-01-06,1,22,24,39,43,26
2001-01-10,6,9,22,23,35,6
2001-01-13,14,19,23,29,42,26
2001-01-17,9,16,28,31,48,36
2001-01-20,1,11,25,29,36,40
2001-01-24,31,34,39,42,49,26
2001-01-27,8,19,32,41,45,37
2001-01-31,15,21,27,37,47,16
2001-02-03,21,27,29,41,44,9
2001-02-07,4,6,7,31,33,20
2001-02-10,16,38,41,46,47,25
2001-02-14,5,18,29,41,42,16
2001-02-17,4,22,31,39,41,6
2001-02-21,4,10,32,39,45,25
2001-02-24,29,30,34,41,49,37
2001-02-28,1,3,9,46,47,22
2001-03-03,8,9,23,36,44,15
2001-03-07,9,23,32,40,45,31
2001-03-10,12,19,26,30,33,11
2001-03-14,12,22,27,42,49,34
2001-03-17,15,16,18,20,36,18
2001-03-21,13,14,18,20,21,16
2001-03-24,2,28,37,40,49,22
2001-03-28,4,12,27,31,43,20
2001-03-31,11,27,37,39,41,42
2001-04-04,5,12,13,16,43,11
2001-04-07,18,20,31,37,41,1
2001-04-11,4,21,32,39,41,31
2001-04-14,3,8,16,29,30,4
2001-04-18,6,11,18,20,44,39
2001-04-21,5,24,25,30,38,40
2001-04-25,14,26,28,29,39,39
2001-04-28,1,11,20,34,39,37
2001-05-02,2,19,30,36,42,19
2001-05-05,7,9,19,20,45,5
2001-05-09,9,14,19,22,49,34
2001-05-12,11,16,28,29,36,21
2001-05-16,12,13,20,28,44,17
2001-05-19,6,10,21,47,49,2
2001-05-23,19,21,32,34,49,38
2001-05-26,9,10,21,24,40,36
2001-05-30,11,12,28,36,43,9
2001-06-02,10,17,26,45,48,38
2001-06-06,10,20,21,40,45,22
2001-06-09,20,23,37,42,43,27
2001-06-13,9,32,34,36,41,14
2001-06-16,2,13,17,44,45,14
2001-06-20,5,9,14,18,49,32
2001-06-23,6,35,38,40,42,36
2001-06-27,3,7,13,16,35,22
2001-06-30,3,6,33,34,39,15
2001-07-04,3,25,26,28,30,10
2001-07-07,3,9,22,34,46,17
2001-07-11,10,16,18,24,26,13
2001-07-14,1,13,15,27,41,2
2001-07-18,4,9,26,31,49,2
2001-07-21,3,15,19,20,27,20
2001-07-25,16,23,29,37,39,17
2001-07-28,4,23,33,36,45,29
2001-08-01,24,25,26,34,39,31
2001-08-04,16,20,24,26,46,9
2001-08-08,2,10,25,37,41,2
2001-08-11,11,14,20,25,41,8
2001-08-15,29,37,40,43,44,6
2001-08-18,3,14,20,22,48,17
2001-08-22,2,28,30,36,39,10
2001-08-25,8,17,22,42,47,21
2001-08-29,4,9,32,35,49,28
2001-09-01,7,24,27,30,44,29
2001-09-05,14,18,24,33,42,8
2001-09-08,6,12,13,28,48,26
2001-09-12,13,25,35,39,47,1
2001-09-15,19,28,33,43,49,23
2001-09-19,21,26,28,31,41,29
2001-09-22,23,27,34,39,42,40
2001-09-26,18,26,30,35,44,19
2001-09-29,2,15,21,29,47,12
2001-10-03,2,20,23,35,49,25
2001-10-06,1,5,9,21,31,12
2001-10-10,1,7,8,16,19,37
2001-10-13,37,40,41,46,48,20
2001-10-17,5,7,29,40,46,5
2001-10-20,7,16,33,40,47,33
2001-10-24,6,15,24,27,42,32
2001-10-27,1,10,17,28,45,20
2001-10-31,2,16,18,35,40,41
2001-11-03,6,14,36,37,49,20
2001-11-07,2,4,6,17,25,31
2001-11-10,7,13,16,33,38,13
2001-11-14,4,17,28,30,40,3
2001-11-17,1,7,10,27,35,34
2001-11-21,27,28,31,38,41,13
2001-11-24,10,12,27,37,42,30
2001-11-28,5,15,18,24,48,16
2001-12-01,6,38,41,46,48,37
2001-12-05,8,9,13,14,21,37
2001-12-08,17,26,31,35,48,35
2001-12-12,4,20,35,43,47,27
2001-12-15,8,11,13,22,37,17
2001-12-19,20,26,35,36,43,23
2001-12-22,14,24,27,33,34,6
2001-12-26,8,19,23,39,41,21
2001-12-29,10,15,27,43,45,31
2002-01-02,23,36,42,44,46,33
2002-01-05,7,8,14,17,32,15
2002-01-09,7,39,40,42,43,4
2002-01-12,13,19,22,41,47,5
2002-01-16,24,31,34,40,47,30
2002-01-19,21,23,35,41,49,5
2002-01-23,14,18,30,32,47,36
2002-01-26,5,14,15,22,30,31
2002-01-30,7,9,15,21,40,18
2002-02-02,12,19,27,43,45,28
2002-02-06,10,24,28,34,35,32
2002-02-09,17,21,30,35,36,12
2002-02-13,2,10,33,38,43,19
2002-02-16,19,31,32,42,45,6
2002-02-20,8,9,19,22,25,11
2002-02-23,8,15,19,21,38,33
2002-02-27,1,2,6,19,45,27
2002-03-02,6,22,25,36,46,34
2002-03-06,5,7,15,30,38,2
2002-03-09,2,12,38,44,49,19
2002-03-13,4,27,28,33,49,39
2002-03-16,10,16,37,38,45,14
2002-03-20,4,20,25,30,49,37
2002-03-23,1,2,10,39,48,13
2002-03-27,15,35,40,43,46,33
2002-03-30,8,13,16,19,29,37
2002-04-03,8,14,17,29,36,3
2002-04-06,15,16,22,30,35,20
2002-04-10,7,12,17,29,48,21
2002-04-13,16,22,32,33,38,13
2002-04-17,2,3,22,23,36,22
2002-04-20,27,34,40,42,44,8
2002-04-24,1,13,16,33,43,1
2002-04-27,1,9,12,18,33,14
2002-05-01,3,26,32,45,48,6
2002-05-04,6,7,9,12,20,20
2002-05-08,6,11,25,28,34,35
2002-05-11,3,15,16,36,40,22
2002-05-15,30,33,36,37,49,35
2002-05-18,2,18,25,31,32,1
2002-05-22,5,20,22,23,34,19
2002-05-25,9,29,30,33,42,27
2002-05-29,18,28,31,35,49,13
2002-06-01,2,6,17,19,27,2
2002-06-05,1,18,21,36,47,33
2002-06-08,26,37,42,46,48,38
2002-06-12,13,18,27,39,49,20
2002-06-15,7,8,16,42,43,15
2002-06-19,1,3,4,7,11,23
2002-06-22,1,16,26,37,48,9
2002-06-26,6,9,17,23,24,14
2002-06-29,4,33,35,36,45,22
2002-07-03,7,19,38,48,49,10
2002-07-06,2,9,27,36,39,13
2002-07-10,26,31,37,43,45,32
2002-07-13,3,22,37,42,49,8
2002-07-17,10,11,25,40,45,25
2002-07-20,2,3,6,13,26,10
2002-07-24,16,19,22,34,37,20
2002-07-27,2,5,17,22,44,30
2002-07-31,2,4,6,22,34,26
2002-08-03,13,19,24,33,34,41
2002-08-07,13,35,40,46,47,35
2002-08-10,11,16,21,27,35,31
2002-08-14,4,16,19,33,41,29
2002-08-17,3,26,33,42,46,41
2002-08-21,1,6,43,47,48,36
2002-08-24,5,10,18,24,45,20
2002-08-28,24,30,36,37,38,42
2002-08-31,12,14,22,29,41,41
2002-09-04,15,18,26,31,36,20
2002-09-07,6,12,19,24,34,18
2002-09-11,3,6,26,39,48,28
2002-09-14,5,14,26,31,40,29
2002-09-18,6,27,32,42,44,10
2002-09-21,3,11,28,40,45,33
2002-09-25,1,12,23,36,49,9
2002-09-28,12,22,24,31,35,8
2002-10-02,2,4,5,38,43,34
2002-10-05,14,19,22,39,43,12
2002-10-09,9,10,38,42,43,5
2002-10-12,23,26,46,49,52,28
2002-10-16,8,11,24,31,37,41
2002-10-19,4,18,20,25,42,29
2002-10-23,2,14,18,30,31,36
2002-10-26,12,14,27,33,39,41
2002-10-30,9,16,19,23,41,12
2002-11-02,8,15,32,34,35,34
2002-11-06,9,11,12,17,19,23
2002-11-09,30,36,38,40,53,8
2002-11-13,18,23,31,38,50,20
2002-11-16,32,33,35,40,51,1
2002-11-20,14,21,22,29,44,3
2002-11-23,15,16,19,21,49,5
2002-11-27,1,20,25,40,53,19
2002-11-30,1,4,19,21,29,8
2002-12-04,13,20,21,35,40,35
2002-12-07,3,17,27,32,48,1
2002-12-11,6,12,14,22,33,21
2002-12-14,8,17,24,42,44,37
2002-12-18,2,14,33,50,52,22
2002-12-21,5,22,34,39,52,30
2002-12-25,5,14,16,29,53,7
2002-12-28,2,15,38,43,50,29
2003-01-01,18,34,42,43,53,17
2003-01-04,1,11,37,39,40,23
2003-01-08,16,22,26,44,46,20
2003-01-11,9,45,46,48,51,2
2003-01-15,4,17,30,42,44,15
2003-01-18,4,17,34,48,52,10
2003-01-22,20,28,30,40,43,3
2003-01-25,10,12,15,49,51,21
2003-01-29,10,12,27,30,53,28
2003-02-01,2,11,16,21,39,42
2003-02-05,2,5,7,9,48,32
2003-02-08,2,13,20,21,23,35
2003-02-12,7,12,19,47,49,6
2003-02-15,1,26,29,38,42,30
2003-02-19,6,11,16,17,44,26
2003-02-22,2,5,6,9,10,26
2003-02-26,10,23,27,31,34,11
2003-03-01,6,7,27,28,41,3
2003-03-05,2,24,28,37,44,6
2003-03-08,1,5,20,21,45,24
2003-03-12,5,24,25,44,52,20
2003-03-15,12,30,41,45,52,35
2003-03-19,19,37,40,47,51,40
2003-03-22,5,29,31,47,49,25
2003-03-26,10,28,31,40,52,41
2003-03-29,2,9,17,25,36,8
2003-04-02,12,17,35,47,50,13
2003-04-05,7,14,23,46,49,20
2003-04-09,6,28,35,38,51,41
2003-04-12,17,27,28,35,52,2
2003-04-16,4,25,39,41,50,31
2003-04-19,10,18,40,46,48,30
2003-04-23,14,15,23,31,51,34
2003-04-26,5,11,13,22,36,31
2003-04-30,7,13,17,32,33,35
2003-05-03,14,21,39,40,47,6
2003-05-07,13,18,34,35,51,28
2003-05-10,1,2,6,10,20,38
2003-05-14,20,33,34,45,52,21
2003-05-17,5,13,18,42,50,4
2003-05-21,4,30,32,35,41,9
2003-05-24,10,42,48,49,50,42
2003-05-28,6,16,17,19,38,16
2003-05-31,10,26,30,46,52,35
2003-06-04,2,14,24,26,53,1
2003-06-07,11,17,26,27,40,6
2003-06-11,12,16,43,44,46,38
2003-06-14,12,26,40,42,50,3
2003-06-18,19,20,21,45,46,20
2003-06-21,15,19,27,36,44,17
2003-06-25,5,26,35,43,50,4
2003-06-28,7,9,14,41,44,25
2003-07-02,16,17,24,26,45,36
2003-07-05,5,17,25,37,49,21
2003-07-09,19,21,26,31,51,40
2003-07-12,6,16,50,51,52,23
2003-07-16,18,27,28,30,49,20
2003-07-19,14,29,30,34,48,1
2003-07-23,4,16,34,37,51,38
2003-07-26,9,10,30,32,34,11
2003-07-30,18,22,26,31,49,28
2003-08-02,17,40,41,42,46,25
2003-08-06,11,14,26,31,48,30
2003-08-09,18,23,25,26,40,15
2003-08-13,26,31,35,44,48,32
2003-08-16,13,15,20,37,42,7
2003-08-20,8,22,35,46,48,15
2003-08-23,1,39,46,50,51,7
2003-08-27,24,31,36,42,46,32
2003-08-30,9,35,36,41,49,33
2003-09-03,6,9,19,24,40,31
2003-09-06,6,15,18,20,41,17
2003-09-10,3,17,29,30,33,34
2003-09-13,6,10,19,28,32,39
2003-09-17,2,19,24,32,34,2
2003-09-20,11,13,28,31,33,29
2003-09-24,17,19,20,28,47,37
2003-09-27,9,20,30,41,48,29
2003-10-01,4,5,19,21,50,41
2003-10-04,8,13,29,44,48,36
2003-10-08,1,6,7,8,25,18
2003-10-11,11,14,21,32,45,21
2003-10-15,6,9,29,39,52,8
2003-10-18,22,25,33,34,35,14
2003-10-22,3,25,27,28,53,35
2003-10-25,6,17,45,47,48,4
2003-10-29,8,19,22,34,53,29
2003-11-01,16,19,34,37,47,18
2003-11-05,6,20,27,38,39,31
2003-11-08,5,8,24,38,52,22
2003-11-12,7,11,19,20,22,1
2003-11-15,8,20,22,32,52,39
2003-11-19,16,26,36,42,47,33
2003-11-22,9,12,17,29,45,4
2003-11-26,1,3,16,37,41,19
2003-11-29,14,36,39,43,51,15
2003-12-03,1,10,35,37,43,30
2003-12-06,21,24,37,41,45,39
2003-12-10,4,17,26,37,40,15
2003-12-13,17,19,25,26,44,19
2003-12-17,15,18,19,21,43,7
2003-12-20,12,20,24,25,48,37
2003-12-24,1,6,31,34,44,25
2003-12-27,16,17,32,34,43,31
2003-12-31,5,7,18,28,35,1
2004-01-03,4,5,22,41,42,2
2004-01-07,4,7,14,18,44,25
2004-01-10,2,13,19,27,50,5
2004-01-14,12,33,40,44,50,40
2004-01-17,8,9,32,45,48,15
2004-01-21,13,17,34,41,45,17
2004-01-24,1,5,37,38,53,31
2004-01-28,8,13,17,39,48,34
2004-01-31,3,6,27,37,41,38
2004-02-04,7,12,17,25,32,33
2004-02-07,31,34,35,39,46,3
2004-02-11,5,16,28,50,52,4
2004-02-14,10,24,25,35,43,32
2004-02-18,4,24,36,44,50,2
2004-02-21,15,22,26,48,53,14
2004-02-25,4,5,11,17,47,35
2004-02-28,6,25,26,52,53,40
2004-03-03,5,11,17,23,53,34
2004-03-06,9,17,46,49,51,9
2004-03-10,10,20,22,41,49,6
2004-03-13,11,44,45,48,50,2
2004-03-17,7,15,20,24,43,5
2004-03-20,2,14,24,27,44,6
2004-03-24,18,20,39,43,47,31
2004-03-27,2,15,17,30,34,32
2004-03-31,15,31,34,39,50,35
2004-04-03,6,7,26,32,43,13
2004-04-07,2,7,16,35,37,10
2004-04-10,2,9,30,47,48,40
2004-04-14,1,6,20,22,38,22
2004-04-17,4,29,34,41,42,11
2004-04-21,8,11,34,42,51,27
2004-04-24,2,13,22,35,44,28
2004-04-28,27,34,42,49,52,23
2004-05-01,1,10,34,39,47,33
2004-05-05,9,16,21,25,32,8
2004-05-08,3,9,17,37,43,39
2004-05-12,11,31,35,42,45,35
2004-05-15,1,26,27,43,46,31
2004-05-19,14,15,31,37,41,31
2004-05-22,1,7,36,42,49,41
2004-05-26,3,10,31,35,38,16
2004-05-29,1,16,30,32,39,2
2004-06-02,5,6,12,26,29,30
2004-06-05,5,26,39,41,42,39
2004-06-09,1,31,33,37,50,40
2004-06-12,6,20,43,48,52,28
2004-06-16,16,18,26,39,48,22
2004-06-19,2,9,36,37,48,16
2004-06-23,9,12,16,20,39,1
2004-06-26,9,17,32,41,47,8
2004-06-30,2,29,31,45,47,4
2004-07-03,3,8,12,30,47,23
2004-07-07,18,25,30,34,41,10
2004-07-10,16,17,23,26,44,13
2004-07-14,9,24,45,49,50,37
2004-07-17,20,23,36,45,50,9
2004-07-21,3,31,38,42,46,2
2004-07-24,2,3,13,29,52,25
2004-07-28,4,19,39,40,50,22
2004-07-31,14,31,35,45,47,35
2004-08-04,11,22,26,37,51,21
2004-08-07,8,9,16,34,48,8
2004-08-11,5,10,29,33,51,35
2004-08-14,4,10,11,18,43,41
2004-08-18,31,33,35,40,42,40
2004-08-21,3,16,27,39,40,3
2004-08-25,1,30,32,37,50,19
2004-08-28,6,30,35,39,45,31
2004-09-01,31,33,44,45,51,31
2004-09-04,13,15,25,26,46,28
2004-09-08,2,4,28,33,52,18
2004-09-11,25,34,36,46,49,9
2004-09-15,1,8,17,28,50,20
2004-09-18,2,14,27,31,36,9
2004-09-22,6,14,34,37,40,7
2004-09-25,11,25,40,41,48,3
2004-09-29,16,28,33,35,37,17
2004-10-02,2,13,29,32,35,4
2004-10-06,5,6,19,44,50,28
2004-10-09,1,3,10,47,48,27
2004-10-13,5,14,17,45,46,41
2004-10-16,5,20,22,36,42,11
2004-10-20,1,11,17,41,46,24
2004-10-23,15,24,49,50,52,40
2004-10-27,11,17,40,44,51,21
2004-10-30,20,27,30,40,48,11
2004-11-03,11,35,43,45,48,42
2004-11-06,18,22,33,38,40,19
2004-11-10,14,21,29,43,45,26
2004-11-13,5,6,26,33,34,13
2004-11-17,15,25,31,36,46,37
2004-11-20,4,29,45,48,50,1
2004-11-24,3,19,47,49,53,4
2004-11-27,16,28,35,36,47,31
2004-12-01,3,28,36,38,44,1
2004-12-04,6,9,16,22,30,4
2004-12-08,13,17,35,45,50,2
2004-12-11,6,7,16,41,53,23
2004-12-15,1,6,11,38,53,11
2004-12-18,1,25,29,30,45,12
2004-12-22,2,7,11,24,31,18
2004-12-25,29,32,39,45,53,16
2004-12-29,24,29,33,38,44,7
2005-01-01,22,23,26,44,47,12
2005-01-05,4,7,10,30,37,37
2005-01-08,9,11,22,24,43,2
2005-01-12,21,23,27,38,50,38
2005-01-15,21,26,37,49,51,25
2005-01-19,9,18,32,33,49,27
2005-01-22,11,23,32,33,34,38
2005-01-26,5,32,43,47,48,33
2005-01-29,11,16,20,29,41,12
2005-02-02,10,11,16,40,44,2
2005-02-05,11,34,37,44,47,23
2005-02-09,9,10,15,18,29,9
2005-02-12,18,21,28,49,50,16
2005-02-16,21,25,27,41,48,25
2005-02-19,12,15,18,27,52,36
2005-02-23,4,10,15,48,51,13
2005-02-26,8,22,30,33,49,6
2005-03-02,3,10,18,46,48,8
2005-03-05,9,13,27,40,53,28
2005-03-09,10,17,20,23,45,31
2005-03-12,7,23,40,46,52,41
2005-03-16,11,19,25,38,50,35
2005-03-19,1,21,28,32,41,9
2005-03-23,23,29,37,40,45,38
2005-03-26,9,12,35,41,51,36
2005-03-30,22,28,32,33,39,42
2005-04-02,5,9,11,17,46,39
2005-04-06,5,11,14,22,51,17
2005-04-09,1,11,35,46,53,29
2005-04-13,6,13,37,51,52,25
2005-04-16,11,38,44,45,51,41
2005-04-20,7,16,33,34,46,27
2005-04-23,8,9,13,15,50,9
2005-04-27,11,13,18,32,42,4
2005-04-30,8,15,17,32,48,24
2005-05-04,10,21,27,33,40,2
2005-05-07,21,23,39,44,47,19
2005-05-11,5,25,46,48,49,6
2005-05-14,21,29,38,49,52,42
2005-05-18,7,13,17,20,35,35
2005-05-21,2,5,7,10,30,23
2005-05-25,27,29,31,42,46,33
2005-05-28,5,7,24,28,39,36
2005-06-01,15,34,39,42,50,12
2005-06-04,7,16,38,44,48,18
2005-06-08,10,36,40,42,43,42
2005-06-11,3,10,14,24,46,37
2005-06-15,14,20,22,39,44,14
2005-06-18,5,8,10,16,24,5
2005-06-22,9,13,23,42,51,15
2005-06-25,7,28,31,32,40,14
2005-06-29,3,8,22,42,49,39
2005-07-02,9,10,29,39,52,20
2005-07-06,2,12,25,30,48,38
2005-07-09,8,9,39,47,53,4
2005-07-13,4,5,13,23,43,34
2005-07-16,8,32,33,41,50,22
2005-07-20,6,7,32,39,51,31
2005-07-23,13,16,20,28,32,36
2005-07-27,1,4,10,13,29,3
2005-07-30,8,14,35,38,46,24
2005-08-03,5,19,24,28,39,24
2005-08-06,1,9,19,36,53,33
2005-08-10,13,31,36,38,49,2
2005-08-13,1,2,18,37,43,37
2005-08-17,3,8,30,43,53,15
2005-08-20,13,27,28,29,49,36
2005-08-24,9,11,26,35,51,32
2005-08-27,8,22,31,39,44,11
2005-08-31,13,17,19,41,50,13
2005-09-03,1,3,30,31,43,36
2005-09-07,12,32,40,50,54,37
2005-09-10,8,10,11,48,50,16
2005-09-14,21,24,42,49,50,1
2005-09-17,5,9,27,49,52,6
2005-09-21,3,28,34,35,50,8
2005-09-24,2,10,31,43,55,14
2005-09-28,7,22,27,48,50,17
2005-10-01,8,18,38,45,54,23
2005-10-05,2,15,25,30,45,17
2005-10-08,26,31,35,46,50,28
2005-10-12,4,9,18,51,54,10
2005-10-15,1,7,8,34,45,15
2005-10-19,7,21,43,44,49,29
2005-10-22,6,7,36,51,53,17
2005-10-26,2,10,39,42,43,23
2005-10-29,14,19,22,41,50,21
2005-11-02,6,11,14,27,41,38
2005-11-05,7,25,29,37,50,17
2005-11-09,5,13,14,31,49,30
2005-11-12,17,37,41,48,55,39
2005-11-16,5,18,20,21,44,27
2005-11-19,8,15,20,41,54,22
2005-11-23,9,12,24,25,27,33
2005-11-26,28,34,37,45,53,32
2005-11-30,19,23,27,42,52,1
2005-12-03,2,15,26,37,42,36
2005-12-07,19,30,41,45,54,14
2005-12-10,3,21,34,42,45,39
2005-12-14,8,15,16,45,51,11
2005-12-17,24,36,44,46,53,18
2005-12-21,9,12,16,23,43,37
2005-12-24,4,10,33,34,50,14
2005-12-28,12,15,30,46,54,1
2005-12-31,4,30,37,43,46,42
2006-01-04,10,23,42,48,54,3
2006-01-07,2,16,21,32,43,6
2006-01-11,3,6,14,17,18,14
2006-01-14,6,14,40,46,49,17
2006-01-18,15,29,38,52,53,7
2006-01-21,3,18,39,43,54,41
2006-01-25,10,37,43,50,52,14
2006-01-28,14,15,26,28,36,36
2006-02-01,11,13,30,35,55,37
2006-02-04,4,12,13,30,38,30
2006-02-08,14,25,32,48,54,10
2006-02-11,7,38,40,51,52,14
2006-02-15,3,13,35,39,40,37
2006-02-18,15,17,43,44,48,29
2006-02-22,9,23,47,53,55,39
2006-02-25,3,37,46,48,51,22
2006-03-01,10,25,35,38,41,23
2006-03-04,13,22,27,52,55,26
2006-03-08,1,5,7,21,43,20
2006-03-11,16,35,37,52,54,33
2006-03-15,7,12,36,48,54,37
2006-03-18,1,25,34,36,42,19
2006-03-22,18,22,23,38,45,31
2006-03-25,20,34,37,39,45,32
2006-03-29,2,14,24,28,54,13
2006-04-01,1,10,23,50,55,29
2006-04-05,3,9,24,29,39,42
2006-04-08,4,23,35,43,44,35
2006-04-12,16,26,34,35,41,24
2006-04-15,13,18,23,28,46,33
2006-04-19,5,28,32,34,53,10
2006-04-22,4,5,6,18,27,24
2006-04-26,12,24,26,48,55,14
2006-04-29,19,30,35,40,41,14
2006-05-03,4,6,19,38,42,37
2006-05-06,12,23,25,32,38,27
2006-05-10,3,4,11,37,44,24
2006-05-13,19,28,30,47,54,13
2006-05-17,15,17,24,26,35,38
2006-05-20,2,9,23,44,45,38
2006-05-24,2,3,12,47,51,10
2006-05-27,6,23,27,41,47,19
2006-05-31,10,20,22,43,49,3
2006-06-03,5,6,18,20,50,35
2006-06-07,4,10,20,26,40,8
2006-06-10,16,24,26,36,54,11
2006-06-14,4,14,15,40,48,12
2006-06-17,10,20,22,39,48,25
2006-06-21,11,19,22,43,45,34
2006-06-24,8,11,30,39,47,23
2006-06-28,2,8,16,45,51,32
2006-07-01,2,31,35,40,42,34
2006-07-05,26,39,41,52,53,20
2006-07-08,32,37,44,49,50,13
2006-07-12,18,19,30,31,33,15
2006-07-15,20,35,36,47,50,5
2006-07-19,2,32,38,44,50,21
2006-07-22,14,40,47,54,55,6
2006-07-26,5,10,17,24,43,31
2006-07-29,14,19,26,39,55,29
2006-08-02,10,13,16,19,24,15
2006-08-05,2,3,9,48,50,23
2006-08-09,16,19,41,43,52,35
2006-08-12,13,14,18,27,54,32
2006-08-16,2,13,22,48,50,2
2006-08-19,12,22,26,29,51,9
2006-08-23,8,17,24,38,51,31
2006-08-26,24,26,38,42,46,16
2006-08-30,3,19,33,35,43,1
2006-09-02,3,8,24,28,49,25
2006-09-06,2,21,27,35,55,1
2006-09-09,3,19,20,22,47,2
2006-09-13,15,19,26,45,47,3
2006-09-16,7,8,26,27,42,12
2006-09-20,7,8,17,29,54,26
2006-09-23,13,21,26,45,50,20
2006-09-27,23,28,33,35,49,16
2006-09-30,6,15,30,32,39,5
2006-10-04,3,7,27,39,40,8
2006-10-07,3,4,8,31,45,12
2006-10-11,5,10,12,35,38,9
2006-10-14,1,15,17,26,40,19
2006-10-18,2,24,34,41,48,24
2006-10-21,9,29,31,45,55,7
2006-10-25,16,40,42,43,48,1
2006-10-28,14,22,30,38,41,12
2006-11-01,7,8,13,46,54,35
2006-11-04,12,13,34,39,44,5
2006-11-08,8,11,12,26,53,4
2006-11-11,35,38,40,49,55,41
2006-11-15,11,28,30,34,43,29
2006-11-18,1,8,19,36,42,20
2006-11-22,22,32,36,49,55,8
2006-11-25,5,18,28,49,55,38
2006-11-29,2,8,9,12,19,25
2006-12-02,17,34,42,45,50,11
2006-12-06,7,34,35,36,38,14
2006-12-09,19,22,30,34,52,40
2006-12-13,19,32,33,42,54,15
2006-12-16,5,17,28,36,51,5
2006-12-20,1,6,14,26,34,34
2006-12-23,8,27,43,52,53,5
2006-12-27,14,16,27,29,41,29
2006-12-30,9,23,28,31,36,26
2007-01-03,10,12,24,35,55,31
2007-01-06,1,24,40,49,50,38
2007-01-10,36,42,45,53,54,36
2007-01-13,1,21,23,25,26,4
2007-01-17,16,35,49,50,52,31
2007-01-20,1,5,26,32,38,30
2007-01-24,9,19,29,42,53,17
2007-01-27,10,19,26,27,32,14
2007-01-31,2,15,25,42,48,14
2007-02-03,12,13,20,33,42,37
2007-02-07,4,22,28,37,52,10
2007-02-10,2,11,16,41,42,16
2007-02-14,3,26,30,54,55,15
2007-02-17,1,15,35,37,45,32
2007-02-21,2,8,22,29,37,3
2007-02-24,36,38,42,54,55,24
2007-02-28,13,20,41,42,53,2
2007-03-03,1,5,16,22,48,6
2007-03-07,13,16,18,19,46,36
2007-03-10,14,18,34,42,43,32
2007-03-14,4,27,30,39,44,18
2007-03-17,7,17,44,47,54,3
2007-03-21,16,24,38,53,54,5
2007-03-24,10,38,40,48,53,3
2007-03-28,6,20,35,37,47,1
2007-03-31,2,5,16,36,40,36
2007-04-04,19,30,39,40,53,16
2007-04-07,2,28,31,54,55,23
2007-04-11,6,15,38,42,51,18
2007-04-14,12,21,36,38,49,18
2007-04-18,6,10,12,13,24,19
2007-04-21,22,26,28,33,45,17
2007-04-25,12,13,14,17,53,11
2007-04-28,16,22,43,46,49,10
2007-05-02,1,8,35,40,47,9
2007-05-05,13,21,29,40,50,6
2007-05-09,2,13,30,44,52,40
2007-05-12,30,44,46,51,53,25
2007-05-16,6,7,16,34,42,23
2007-05-19,3,19,21,26,45,2
2007-05-23,3,11,24,36,38,6
2007-05-26,1,5,21,46,51,29
2007-05-30,7,23,35,54,55,28
2007-06-02,2,22,32,36,47,36
2007-06-06,5,9,14,45,48,28
2007-06-09,7,10,25,32,41,22
2007-06-13,10,13,28,30,47,26
2007-06-16,4,8,32,47,51,27
2007-06-20,23,31,32,37,55,35
2007-06-23,14,15,27,43,53,28
2007-06-27,9,11,13,24,43,18
2007-06-30,24,38,39,46,47,26
2007-07-04,1,2,15,17,49,35
2007-07-07,15,21,27,41,47,20
2007-07-11,8,20,29,42,43,35
2007-07-14,1,21,30,34,36,37
2007-07-18,3,9,14,40,42,3
2007-07-21,14,30,39,43,46,14
2007-07-25,28,35,40,47,53,30
2007-07-28,15,19,24,27,47,11
2007-08-01,9,16,23,51,52,12
2007-08-04,2,23,24,27,36,3
2007-08-08,9,16,21,30,52,9
2007-08-11,1,10,11,37,40,20
2007-08-15,19,22,24,38,51,9
2007-08-18,12,15,28,31,50,12
2007-08-22,12,37,40,48,50,37
2007-08-25,2,8,23,29,35,19
2007-08-29,13,16,33,44,47,29
2007-09-01,12,19,23,37,39,13
2007-09-05,11,20,21,30,48,18
2007-09-08,7,12,28,30,48,40
2007-09-12,5,24,26,33,47,1
2007-09-15,13,16,27,48,51,21
2007-09-19,20,25,26,45,46,15
2007-09-22,4,9,18,43,55,3
2007-09-26,25,27,31,44,54,8
2007-09-29,31,33,38,49,55,39
2007-10-03,2,4,14,15,28,23
2007-10-06,8,30,32,33,51,2
2007-10-10,12,16,31,33,54,5
2007-10-13,21,30,34,36,49,42
2007-10-17,14,15,19,42,46,37
2007-10-20,10,11,37,40,54,10
2007-10-24,10,11,18,49,52,2
2007-10-27,13,25,30,40,43,12
2007-10-31,6,16,18,29,37,24
2007-11-03,1,31,38,40,53,42
2007-11-07,22,29,35,46,52,2
2007-11-10,6,22,24,26,30,12
2007-11-14,16,18,20,30,48,6
2007-11-17,17,27,49,52,53,23
2007-11-21,3,11,13,20,40,20
2007-11-24,1,7,13,23,35,19
2007-11-28,8,23,32,37,39,38
2007-12-01,7,32,39,41,55,13
2007-12-05,1,8,15,21,55,41
2007-12-08,4,8,25,29,31,41
2007-12-12,7,14,33,40,55,15
2007-12-15,22,37,47,48,50,17
2007-12-19,15,18,22,23,42,37
2007-12-22,5,10,11,34,38,21
2007-12-26,8,32,41,54,55,20
2007-12-29,8,12,17,35,49,18
2008-01-02,2,11,31,34,48,5
2008-01-05,4,11,16,33,40,9
2008-01-09,2,13,20,21,23,24
2008-01-12,23,39,43,47,53,14
2008-01-16,9,18,19,38,47,11
2008-01-19,20,23,25,27,28,2
2008-01-23,4,16,35,47,48,39
2008-01-26,11,35,39,53,54,24
2008-01-30,2,17,41,54,55,17
2008-02-02,14,16,25,26,44,30
2008-02-06,3,5,12,42,43,5
2008-02-09,4,23,24,30,43,28
2008-02-13,13,19,32,38,51,30
2008-02-16,3,4,8,20,49,18
2008-02-20,9,12,20,22,36,31
2008-02-23,8,13,23,29,47,32
2008-02-27,20,24,37,48,53,11
2008-03-01,2,19,21,31,55,19
2008-03-05,10,15,16,23,31,5
2008-03-08,17,29,31,34,49,16
2008-03-12,12,19,30,34,36,8
2008-03-15,6,22,42,43,47,16
2008-03-19,6,8,29,41,49,42
2008-03-22,7,25,28,46,48,19
2008-03-26,9,12,20,37,49,17
2008-03-29,18,20,25,31,36,7
2008-04-02,1,34,37,44,55,33
2008-04-05,12,27,30,37,47,26
2008-04-09,3,13,19,32,46,18
2008-04-12,11,29,48,52,55,36
2008-04-16,11,16,18,21,51,16
2008-04-19,13,19,24,33,39,8
2008-04-23,11,20,21,22,39,1
2008-04-26,7,12,17,27,45,24
2008-04-30,1,17,25,43,51,38
2008-05-03,2,28,36,42,46,40
2008-05-07,9,25,26,28,42,26
2008-05-10,7,18,30,41,45,6
2008-05-14,19,21,29,32,46,32
2008-05-17,12,14,15,21,43,30
2008-05-21,7,16,21,33,42,25
2008-05-24,33,40,41,51,52,6
2008-05-28,10,18,22,37,45,9
2008-05-31,3,9,14,17,25,8
2008-06-04,5,18,20,40,52,3
2008-06-07,12,26,34,44,48,9
2008-06-11,7,18,21,28,49,1
2008-06-14,9,11,20,31,50,14
2008-06-18,9,12,31,39,52,32
2008-06-21,7,8,9,31,50,31
2008-06-25,14,21,25,45,53,9
2008-06-28,14,26,32,34,44,6
2008-07-02,4,33,46,48,52,17
2008-07-05,1,24,34,47,48,18
2008-07-09,5,7,31,49,53,14
2008-07-12,2,12,20,22,50,17
2008-07-16,3,15,23,29,42,17
2008-07-19,6,28,46,53,55,2
2008-07-23,11,14,35,41,52,2
2008-07-26,12,13,21,51,55,18
2008-07-30,3,25,45,51,55,13
2008-08-02,2,5,28,33,54,30
2008-08-06,5,24,36,37,51,19
2008-08-09,32,40,43,49,53,21
2008-08-13,5,10,19,23,31,26
2008-08-16,5,34,40,43,52,20
2008-08-20,15,16,24,35,47,26
2008-08-23,18,24,33,47,48,23
2008-08-27,13,31,36,48,49,11
2008-08-30,2,14,15,32,47,36
2008-09-03,38,40,46,49,50,34
2008-09-06,17,25,26,49,54,11
2008-09-10,14,15,28,37,53,18
2008-09-13,7,17,29,43,51,38
2008-09-17,12,23,26,32,44,20
2008-09-20,6,28,30,40,47,24
2008-09-24,5,13,21,32,36,33
2008-09-27,13,24,29,40,52,29
2008-10-01,8,9,39,43,55,26
2008-10-04,1,4,26,32,39,18
2008-10-08,2,12,17,48,54,2
2008-10-11,3,7,17,39,47,9
2008-10-15,3,13,32,38,48,13
2008-10-18,10,14,32,40,49,15
2008-10-22,10,17,33,51,52,5
2008-10-25,1,3,14,38,48,2
2008-10-29,20,30,37,50,52,33
2008-11-01,4,6,26,40,41,15
2008-11-05,4,8,18,33,36,32
2008-11-08,2,4,21,36,40,41
2008-11-12,1,18,25,29,45,2
2008-11-15,3,7,8,12,44,37
2008-11-19,8,13,38,39,45,31
2008-11-22,17,19,26,32,45,14
2008-11-26,11,26,31,34,52,14
2008-11-29,5,33,36,39,55,21
2008-12-03,16,17,21,25,55,3
2008-12-06,9,35,39,43,53,10
2008-12-10,6,15,24,37,41,37
2008-12-13,14,26,28,31,40,13
2008-12-17,7,11,18,24,30,26
2008-12-20,3,14,19,32,54,24
2008-12-24,2,17,22,32,41,8
2008-12-27,12,15,26,31,43,10
2008-12-31,7,8,11,17,53,36
2009-01-03,17,22,24,38,55,24
2009-01-07,23,31,33,38,52,24
2009-01-10,8,10,18,43,56,9
2009-01-14,8,25,34,39,46,34
2009-01-17,2,5,9,23,59,26
2009-01-21,20,26,38,46,54,23
2009-01-24,6,20,25,37,42,25
2009-01-28,5,10,18,23,32,4
2009-01-31,1,14,26,33,41,37
2009-02-04,7,24,30,32,44,18
2009-02-07,5,18,20,28,53,27
2009-02-11,5,10,22,45,49,37
2009-02-14,2,8,9,33,45,5
2009-02-18,2,15,39,44,56,15
2009-02-21,13,31,41,45,46,21
2009-02-25,17,32,42,49,56,11
2009-02-28,3,16,20,42,58,7
2009-03-04,1,6,44,49,55,36
2009-03-07,21,27,28,56,59,21
2009-03-11,3,7,13,34,47,30
2009-03-14,7,30,33,44,51,10
2009-03-18,16,26,29,41,45,1
2009-03-21,19,23,27,49,52,21
2009-03-25,10,20,23,47,54,26
2009-03-28,2,3,16,41,48,19
2009-04-01,2,9,33,41,54,14
2009-04-04,14,21,50,57,58,7
2009-04-08,1,6,48,52,56,9
2009-04-11,7,28,35,46,49,20
2009-04-15,16,22,26,27,59,5
2009-04-18,7,15,28,43,44,20
2009-04-22,15,22,30,37,48,12
2009-04-25,8,26,30,42,52,15
2009-04-29,6,19,36,50,59,13
2009-05-02,3,20,38,42,45,27
2009-05-06,7,8,12,22,31,18
2009-05-09,4,15,32,49,58,21
2009-05-13,19,30,32,37,40,37
2009-05-16,6,7,31,40,56,38
2009-05-20,23,30,31,35,42,6
2009-05-23,19,23,34,52,57,21
2009-05-27,5,6,12,16,21,7
2009-05-30,1,23,42,51,59,20
2009-06-03,16,20,22,32,37,9
2009-06-06,10,18,23,30,45,2
2009-06-10,15,26,27,42,58,37
2009-06-13,13,16,20,35,41,6
2009-06-17,5,9,37,42,53,27
2009-06-20,3,11,18,22,28,33
2009-06-24,16,18,24,51,53,16
2009-06-27,18,22,26,39,48,17
2009-07-01,9,32,38,52,53,15
2009-07-04,4,9,22,41,44,14
2009-07-08,19,42,50,53,56,39
2009-07-11,1,4,20,39,42,2
2009-07-15,26,50,51,52,57,37
2009-07-18,4,21,26,28,47,37
2009-07-22,4,6,16,22,32,11
2009-07-25,5,17,33,46,52,9
2009-07-29,2,5,38,43,59,8
2009-08-01,5,37,39,46,53,8
2009-08-05,25,34,41,46,49,29
2009-08-08,4,33,37,45,50,11
2009-08-12,10,25,32,34,47,5
2009-08-15,14,15,26,32,36,12
2009-08-19,14,24,31,43,51,27
2009-08-22,3,6,20,32,51,23
2009-08-26,1,21,23,30,43,11
2009-08-29,1,20,37,52,53,33
2009-09-02,18,23,36,47,59,36
2009-09-05,9,16,27,35,57,29
2009-09-09,4,16,18,51,53,23
2009-09-12,13,28,38,41,56,25
2009-09-16,17,37,40,51,56,25
2009-09-19,5,24,25,30,49,23
2009-09-23,7,8,20,25,29,11
2009-09-26,18,20,34,36,39,19
2009-09-30,41,42,52,54,57,30
2009-10-03,12,24,48,50,57,22
2009-10-07,2,20,21,38,50,22
2009-10-10,13,32,45,49,50,30
2009-10-14,5,15,25,30,40,6
2009-10-17,5,16,25,30,49,39
2009-10-21,6,16,34,45,51,4
2009-10-24,14,22,38,49,59,16
2009-10-28,3,11,26,46,51,23
2009-10-31,2,19,26,41,54,23
2009-11-04,10,11,14,45,51,17
2009-11-07,7,32,37,46,50,26
2009-11-11,8,12,14,22,29,22
2009-11-14,19,30,32,48,57,14
2009-11-18,32,42,50,58,59,31
2009-11-21,7,26,36,49,58,4
2009-11-25,4,13,18,49,59,5
2009-11-28,26,27,28,46,50,21
2009-12-02,14,34,37,46,55,37
2009-12-05,27,39,41,44,58,17
2009-12-09,1,5,12,13,58,21
2009-12-12,12,13,14,35,41,29
2009-12-16,13,23,25,35,43,15
2009-12-19,17,24,39,41,47,21
2009-12-23,8,32,49,51,52,23
2009-12-26,32,36,37,41,53,30
2009-12-30,5,14,38,39,52,6
2010-01-02,3,7,23,27,42,37
2010-01-06,20,27,29,56,58,31
2010-01-09,20,41,44,50,54,22
2010-01-13,8,11,15,32,50,27
2010-01-16,7,8,23,41,55,23
2010-01-20,15,32,43,44,46,19
2010-01-23,15,16,20,42,53,17
2010-01-27,6,15,20,26,31,9
2010-01-30,6,26,35,47,48,21
